,0
的,1
国,2
中,3
在,4
１,5
一,6
会,7
大,8
人,9
日,10
和,11
了,12
（,13
）,14
年,15
新,16
民,17
部,18
北,19
华,20
记,21
家,22
是,23
报,24
行,25
市,26
长,27
为,28
０,29
者,30
本,31
出,32
有,33
地,34
上,35
月,36
电,37
２,38
京,39
主,40
政,41
发,42
美,43
９,44
社,45
委,46
南,47
公,48
区,49
总,50
对,51
作,52
来,53
同,54
工,55
业,56
学,57
到,58
：,59
成,60
东,61
江,62
全,63
以,64
经,65
海,66
天,67
亚,68
省,69
西,70
院,71
生,72
员,73
斯,74
这,75
理,76
个,77
李,78
建,79
说,80
军,81
开,82
表,83
张,84
克,85
拉,86
进,87
关,88
不,89
文,90
于,91
司,92
合,93
时,94
３,95
利,96
联,97
５,98
务,99
金,100
等,101
王,102
将,103
山,104
与,105
志,106
加,107
特,108
第,109
《,110
尔,111
团,112
》,113
要,114
前,115
安,116
道,117
央,118
外,119
重,120
多,121
平,122
—,123
局,124
小,125
后,126
事,127
法,128
议,129
他,130
方,131
科,132
展,133
自,134
济,135
十,136
高,137
８,138
下,139
动,140
德,141
定,142
今,143
次,144
机,145
里,146
分,147
副,148
书,149
队,150
罗,151
问,152
党,153
明,154
４,155
举,156
７,157
州,158
共,159
席,160
场,161
任,162
世,163
名,164
代,165
内,166
６,167
广,168
我,169
林,170
刘,171
台,172
协,173
女,174
统,175
河,176
交,177
县,178
周,179
据,180
马,181
心,182
产,183
力,184
向,185
港,186
三,187
体,188
由,189
伊,190
当,191
过,192
立,193
组,194
从,195
领,196
强,197
洲,198
万,199
元,200
其,201
现,202
们,203
就,204
实,205
最,206
治,207
府,208
阿,209
位,210
子,211
之,212
巴,213
界,214
达,215
化,216
集,217
及,218
导,219
正,220
制,221
布,222
泽,223
族,224
；,225
陈,226
已,227
农,228
所,229
首,230
两,231
得,232
通,233
讯,234
提,235
英,236
城,237
话,238
设,239
香,240
面,241
教,242
老,243
系,244
也,245
基,246
尼,247
春,248
示,249
选,250
村,251
决,252
指,253
际,254
办,255
资,256
题,257
口,258
门,259
先,260
都,261
·,262
起,263
使,264
武,265
二,266
欧,267
各,268
水,269
战,270
度,271
术,272
还,273
近,274
持,275
调,276
着,277
访,278
管,279
义,280
去,281
图,282
原,283
程,284
入,285
商,286
路,287
银,288
信,289
研,290
回,291
并,292
石,293
用,294
波,295
夫,296
四,297
常,298
解,299
意,300
期,301
非,302
摄,303
目,304
剧,305
参,306
见,307
谈,308
手,309
．,310
好,311
赛,312
宁,313
俄,314
纪,315
品,316
阳,317
色,318
苏,319
而,320
融,321
五,322
湾,323
云,324
技,325
兰,326
结,327
乡,328
受,329
列,330
车,331
运,332
乐,333
处,334
片,335
演,336
取,337
企,338
查,339
光,340
活,341
认,342
视,343
保,344
比,345
约,346
能,347
放,348
间,349
织,350
被,351
士,352
深,353
哈,354
八,355
清,356
恩,357
计,358
青,359
庆,360
情,361
改,362
节,363
点,364
应,365
灾,366
物,367
兴,368
如,369
医,370
支,371
黄,372
宣,373
格,374
干,375
别,376
看,377
传,378
专,379
接,380
吴,381
届,382
维,383
游,384
此,385
厂,386
育,387
九,388
风,389
究,390
驻,391
顿,392
级,393
影,394
把,395
龙,396
职,397
湖,398
革,399
种,400
荣,401
希,402
增,403
塔,404
胡,405
可,406
汉,407
古,408
式,409
太,410
杨,411
版,412
福,413
施,414
韩,415
艺,416
连,417
藏,418
何,419
望,420
项,421
田,422
史,423
获,424
告,425
钱,426
反,427
曾,428
相,429
赵,430
求,431
然,432
吉,433
论,434
察,435
核,436
困,437
鹏,438
许,439
给,440
健,441
贫,442
友,443
红,444
又,445
助,446
历,447
根,448
镇,449
伟,450
奥,451
瑞,452
权,453
推,454
因,455
铁,456
收,457
津,458
续,459
单,460
责,461
证,462
些,463
气,464
球,465
讲,466
馆,467
易,468
批,469
至,470
投,471
百,472
徐,473
贸,474
步,475
观,476
泰,477
油,478
孙,479
玉,480
流,481
盟,482
纳,483
负,484
创,485
米,486
头,487
坦,488
防,489
警,490
爱,491
川,492
邓,493
震,494
师,495
性,496
极,497
采,498
官,499
检,500
少,501
朱,502
站,503
鲁,504
晚,505
量,506
件,507
限,508
再,509
感,510
印,511
始,512
段,513
无,514
亿,515
数,516
继,517
音,518
果,519
思,520
危,521
飞,522
该,523
质,524
致,525
线,526
送,527
那,528
客,529
花,530
众,531
股,532
萨,533
排,534
势,535
永,536
雷,537
几,538
货,539
坚,540
普,541
航,542
召,543
精,544
亲,545
范,546
标,547
胜,548
迎,549
景,550
盛,551
儿,552
带,553
空,554
群,555
白,556
造,557
响,558
条,559
环,560
远,561
准,562
旅,563
命,564
富,565
样,566
％,567
绍,568
争,569
型,570
更,571
器,572
案,573
昌,574
策,575
土,576
毛,577
琛,578
供,579
身,580
直,581
雪,582
贝,583
贵,584
走,585
源,586
叶,587
但,588
知,589
形,590
双,591
闻,592
整,593
伯,594
郑,595
没,596
难,597
库,598
余,599
请,600
虎,601
神,602
黎,603
热,604
哥,605
服,606
谢,607
校,608
卫,609
严,610
往,611
派,612
沙,613
欢,614
构,615
规,616
象,617
岁,618
六,619
桥,620
币,621
班,622
『,623
价,624
卡,625
澳,626
想,627
打,628
则,629
功,630
边,631
黑,632
营,633
杰,634
照,635
执,636
勒,637
真,638
蒙,639
户,640
评,641
刚,642
引,643
包,644
良,645
确,646
祖,647
救,648
介,649
温,650
附,651
钟,652
划,653
梁,654
率,655
宝,656
做,657
祝,658
晓,659
越,660
汇,661
境,662
积,663
岸,664
居,665
兵,666
很,667
丽,668
住,669
沈,670
午,671
丰,672
模,673
承,674
财,675
威,676
只,677
洋,678
款,679
歌,680
费,681
况,682
著,683
署,684
字,685
击,686
优,687
堂,688
声,689
喜,690
备,691
转,692
她,693
愿,694
复,695
才,696
念,697
园,698
舞,699
曲,700
朗,701
变,702
考,703
邦,704
己,705
份,706
奖,707
言,708
临,709
满,710
莫,711
落,712
值,713
董,714
完,715
…,716
消,717
』,718
忠,719
画,720
快,721
属,722
夏,723
托,724
朝,725
森,726
乌,727
童,728
博,729
座,730
庄,731
监,732
紧,733
彭,734
拿,735
称,736
兼,737
秀,738
息,739
稳,740
具,741
贺,742
千,743
房,744
洪,745
足,746
捐,747
七,748
厅,749
锦,750
木,751
旦,752
章,753
岛,754
潘,755
男,756
初,757
丁,758
待,759
验,760
火,761
习,762
泳,763
陆,764
街,765
振,766
典,767
早,768
扶,769
曼,770
像,771
号,772
康,773
秘,774
授,775
宾,776
仅,777
令,778
顺,779
归,780
离,781
冬,782
即,783
围,784
速,785
切,786
献,787
室,788
播,789
辽,790
未,791
独,792
突,793
妇,794
疆,795
写,796
伦,797
注,798
宋,799
装,800
编,801
占,802
仁,803
挥,804
律,805
岚,806
半,807
诺,808
卢,809
纷,810
久,811
它,812
略,813
益,814
药,815
仪,816
担,817
邀,818
域,819
瓦,820
矿,821
某,822
尚,823
宏,824
辉,825
郭,826
券,827
浙,828
努,829
讨,830
启,831
浩,832
签,833
留,834
塞,835
赞,836
依,837
亮,838
洛,839
烈,840
齐,841
促,842
梅,843
顾,844
敏,845
牌,846
护,847
每,848
均,849
巨,850
销,851
慰,852
措,853
招,854
终,855
超,856
迪,857
店,858
莱,859
判,860
培,861
帮,862
呼,863
秦,864
修,865
让,866
涛,867
敦,868
票,869
网,870
听,871
唐,872
故,873
升,874
较,875
钢,876
丹,877
乔,878
失,879
徽,880
庭,881
姆,882
仍,883
素,884
冠,885
昆,886
赴,887
轮,888
索,889
训,890
祥,891
峰,892
述,893
胞,894
鲜,895
楚,896
劳,897
映,898
俊,899
怀,900
抗,901
预,902
额,903
除,904
善,905
识,906
审,907
滨,908
便,909
诉,910
岗,911
录,912
邮,913
援,914
礼,915
充,916
尽,917
彩,918
试,919
埃,920
星,921
申,922
候,923
冰,924
斗,925
降,926
存,927
显,928
破,929
食,930
戴,931
随,932
钦,933
幕,934
嘉,935
圳,936
纽,937
松,938
雨,939
病,940
却,941
圣,942
草,943
括,944
雄,945
树,946
必,947
贾,948
惠,949
－,950
拥,951
养,952
桑,953
菲,954
层,955
吕,956
勇,957
臣,958
烟,959
冷,960
延,961
脑,962
读,963
袁,964
密,965
类,966
泉,967
孟,968
韦,969
岳,970
断,971
奇,972
急,973
甘,974
珠,975
辞,976
态,977
宜,978
棋,979
∶,980
按,981
税,982
守,983
赫,984
峡,985
练,986
冯,987
础,988
季,989
耶,990
耳,991
买,992
佳,993
锡,994
杂,995
效,996
束,997
斌,998
汽,999
卿,1000
廷,1001
售,1002
需,1003
雅,1004
底,1005
拜,1006
裁,1007
野,1008
繁,1009
登,1010
楼,1011
晋,1012
算,1013
谷,1014
抵,1015
敬,1016
淮,1017
购,1018
盘,1019
悉,1020
撤,1021
邱,1022
材,1023
琴,1024
岭,1025
绩,1026
或,1027
幅,1028
牙,1029
昨,1030
词,1031
扬,1032
例,1033
减,1034
傅,1035
针,1036
冲,1037
侨,1038
唱,1039
测,1040
角,1041
孔,1042
移,1043
姜,1044
什,1045
凤,1046
探,1047
坛,1048
予,1049
墨,1050
叫,1051
脱,1052
左,1053
摩,1054
戏,1055
曹,1056
隆,1057
容,1058
芳,1059
料,1060
珍,1061
贯,1062
辛,1063
尉,1064
险,1065
坡,1066
状,1067
佩,1068
轻,1069
燕,1070
船,1071
杭,1072
扩,1073
赶,1074
宗,1075
锋,1076
宇,1077
奋,1078
止,1079
壮,1080
夜,1081
恢,1082
陶,1083
换,1084
抓,1085
谋,1086
溪,1087
么,1088
绝,1089
控,1090
肖,1091
夺,1092
桂,1093
厦,1094
找,1095
迟,1096
肯,1097
你,1098
征,1099
穆,1100
架,1101
毅,1102
旗,1103
邹,1104
浦,1105
煤,1106
湘,1107
智,1108
订,1109
压,1110
阶,1111
衡,1112
扎,1113
褚,1114
贡,1115
蓉,1116
聚,1117
督,1118
输,1119
杜,1120
汪,1121
晶,1122
遭,1123
毕,1124
竞,1125
迹,1126
跌,1127
荡,1128
磊,1129
君,1130
勤,1131
笔,1132
债,1133
玛,1134
置,1135
赠,1136
艳,1137
眼,1138
肥,1139
踞,1140
秋,1141
凯,1142
伴,1143
沿,1144
犯,1145
遇,1146
茶,1147
苦,1148
寿,1149
井,1150
停,1151
低,1152
艾,1153
宪,1154
柏,1155
蔡,1156
差,1157
堡,1158
牛,1159
彻,1160
顶,1161
谊,1162
佛,1163
伍,1164
封,1165
疗,1166
诚,1167
酒,1168
宫,1169
凡,1170
灯,1171
损,1172
刊,1173
诞,1174
陕,1175
套,1176
崔,1177
誉,1178
晤,1179
栋,1180
麦,1181
泊,1182
败,1183
母,1184
害,1185
厚,1186
欣,1187
灵,1188
暴,1189
蒂,1190
兹,1191
露,1192
右,1193
休,1194
跃,1195
兆,1196
舍,1197
颁,1198
语,1199
污,1200
激,1201
肃,1202
迅,1203
Ｍ,1204
纸,1205
配,1206
Ｃ,1207
虽,1208
吁,1209
刻,1210
拍,1211
沃,1212
闭,1213
贷,1214
鸿,1215
侯,1216
诗,1217
岩,1218
赖,1219
筑,1220
退,1221
寒,1222
罪,1223
伤,1224
恐,1225
菜,1226
捷,1227
潮,1228
攻,1229
帕,1230
须,1231
寺,1232
逐,1233
序,1234
蒋,1235
坐,1236
另,1237
伙,1238
默,1239
朋,1240
遗,1241
玲,1242
卖,1243
鼓,1244
卷,1245
觉,1246
血,1247
／,1248
凌,1249
且,1250
杀,1251
览,1252
乘,1253
遍,1254
Ａ,1255
熊,1256
励,1257
暖,1258
耀,1259
杯,1260
谭,1261
摆,1262
镕,1263
茂,1264
简,1265
妍,1266
旧,1267
筹,1268
奏,1269
笑,1270
薄,1271
挑,1272
吾,1273
散,1274
娜,1275
澜,1276
综,1277
弟,1278
违,1279
靠,1280
柳,1281
剑,1282
籍,1283
板,1284
绿,1285
廉,1286
透,1287
跳,1288
豪,1289
龚,1290
禁,1291
阁,1292
答,1293
载,1294
孩,1295
唯,1296
射,1297
洁,1298
若,1299
返,1300
娘,1301
微,1302
涉,1303
倒,1304
贤,1305
染,1306
牧,1307
私,1308
寨,1309
郎,1310
付,1311
俞,1312
短,1313
储,1314
饭,1315
荷,1316
陪,1317
父,1318
否,1319
苗,1320
莲,1321
固,1322
霞,1323
圆,1324
篮,1325
鹤,1326
迈,1327
昭,1328
细,1329
吨,1330
途,1331
梦,1332
挂,1333
铜,1334
阴,1335
芬,1336
纺,1337
虹,1338
账,1339
适,1340
棉,1341
跨,1342
佐,1343
静,1344
吃,1345
粮,1346
哲,1347
夕,1348
彦,1349
珀,1350
辆,1351
姐,1352
崇,1353
阵,1354
迁,1355
媒,1356
怖,1357
析,1358
补,1359
忘,1360
渡,1361
课,1362
互,1363
借,1364
勋,1365
郊,1366
樊,1367
篇,1368
淑,1369
慧,1370
帅,1371
萍,1372
慕,1373
浪,1374
晨,1375
煌,1376
鸣,1377
姑,1378
魏,1379
皇,1380
赏,1381
辰,1382
盖,1383
揭,1384
劲,1385
孤,1386
吸,1387
衣,1388
络,1389
挪,1390
Ｄ,1391
庙,1392
践,1393
焦,1394
箱,1395
乎,1396
沉,1397
忙,1398
符,1399
撒,1400
尤,1401
偿,1402
贬,1403
润,1404
既,1405
句,1406
裕,1407
患,1408
乃,1409
迫,1410
似,1411
翻,1412
偏,1413
冀,1414
植,1415
霍,1416
寻,1417
呈,1418
熟,1419
握,1420
障,1421
穿,1422
甲,1423
拒,1424
捕,1425
阎,1426
嫩,1427
剂,1428
猪,1429
够,1430
寄,1431
泛,1432
鉴,1433
浓,1434
豫,1435
仲,1436
逝,1437
滑,1438
颇,1439
卓,1440
艰,1441
递,1442
皮,1443
尊,1444
柱,1445
味,1446
龄,1447
氏,1448
袭,1449
骨,1450
姚,1451
爷,1452
册,1453
异,1454
缺,1455
纯,1456
漫,1457
俱,1458
侵,1459
鱼,1460
追,1461
肉,1462
疑,1463
琼,1464
诸,1465
奎,1466
冒,1467
仙,1468
Ｓ,1469
亩,1470
缩,1471
背,1472
免,1473
滩,1474
绕,1475
毁,1476
距,1477
渐,1478
邵,1479
宽,1480
释,1481
辑,1482
兄,1483
刑,1484
腊,1485
搞,1486
死,1487
汤,1488
拖,1489
颖,1490
孝,1491
阻,1492
翼,1493
屋,1494
秉,1495
弹,1496
幼,1497
鹿,1498
陷,1499
恒,1500
旭,1501
询,1502
蓝,1503
赔,1504
惊,1505
择,1506
琳,1507
雁,1508
陵,1509
亨,1510
倡,1511
弱,1512
沛,1513
榜,1514
苍,1515
触,1516
妹,1517
端,1518
辖,1519
桓,1520
菊,1521
姓,1522
尹,1523
赤,1524
恶,1525
抽,1526
妻,1527
旺,1528
乱,1529
宿,1530
械,1531
奔,1532
奶,1533
潜,1534
娟,1535
犹,1536
穷,1537
役,1538
抢,1539
碧,1540
翰,1541
甫,1542
纲,1543
冈,1544
仓,1545
操,1546
汝,1547
奉,1548
暂,1549
泥,1550
坪,1551
横,1552
假,1553
餐,1554
蹈,1555
纵,1556
盗,1557
聂,1558
襄,1559
徒,1560
番,1561
谦,1562
遵,1563
软,1564
亡,1565
怎,1566
抱,1567
辟,1568
缓,1569
幸,1570
残,1571
殖,1572
寅,1573
爆,1574
舒,1575
丛,1576
竹,1577
蕾,1578
忆,1579
罚,1580
麟,1581
殊,1582
弃,1583
块,1584
渤,1585
漳,1586
坤,1587
虑,1588
趋,1589
枚,1590
禄,1591
彰,1592
脚,1593
氛,1594
铭,1595
萧,1596
拨,1597
贿,1598
腐,1599
腾,1600
秒,1601
盾,1602
倾,1603
疾,1604
廊,1605
琦,1606
孜,1607
罕,1608
允,1609
慢,1610
彬,1611
亏,1612
概,1613
驶,1614
茨,1615
炳,1616
甚,1617
汗,1618
勘,1619
跟,1620
栏,1621
廖,1622
葛,1623
Ｉ,1624
Ｏ,1625
末,1626
跑,1627
妈,1628
勃,1629
邢,1630
亭,1631
庞,1632
稿,1633
邻,1634
档,1635
刀,1636
慎,1637
奠,1638
床,1639
厉,1640
旨,1641
俗,1642
埔,1643
芝,1644
塑,1645
悲,1646
魁,1647
旬,1648
池,1649
旁,1650
蔬,1651
胁,1652
帝,1653
敌,1654
毒,1655
牵,1656
昊,1657
朴,1658
渔,1659
趣,1660
伪,1661
痛,1662
坝,1663
误,1664
刺,1665
潭,1666
估,1667
渥,1668
逮,1669
累,1670
沟,1671
薛,1672
拓,1673
阐,1674
峻,1675
替,1676
径,1677
零,1678
荒,1679
宛,1680
迷,1681
坏,1682
摘,1683
添,1684
钻,1685
翔,1686
舰,1687
摊,1688
仿,1689
柴,1690
驾,1691
磋,1692
含,1693
掌,1694
绥,1695
租,1696
亦,1697
汕,1698
郝,1699
Ｔ,1700
遣,1701
貌,1702
桶,1703
枪,1704
旋,1705
享,1706
鹰,1707
闹,1708
侧,1709
裂,1710
芭,1711
霖,1712
携,1713
柯,1714
舶,1715
译,1716
侦,1717
弗,1718
履,1719
凰,1720
Ｂ,1721
铸,1722
沁,1723
颜,1724
聪,1725
莉,1726
折,1727
殷,1728
瑜,1729
壁,1730
鲍,1731
竟,1732
错,1733
焕,1734
猛,1735
硬,1736
鸟,1737
滋,1738
袋,1739
瑶,1740
慈,1741
彪,1742
嫌,1743
婚,1744
谴,1745
硕,1746
攀,1747
喀,1748
鸡,1749
乳,1750
丝,1751
乒,1752
宴,1753
绵,1754
冶,1755
遥,1756
忧,1757
艘,1758
箭,1759
瓜,1760
醒,1761
胆,1762
盈,1763
孚,1764
坊,1765
殿,1766
悦,1767
沂,1768
柬,1769
戈,1770
锁,1771
阅,1772
屏,1773
驰,1774
Ｅ,1775
净,1776
Ｆ,1777
扮,1778
轨,1779
晴,1780
羊,1781
扰,1782
削,1783
辈,1784
废,1785
涌,1786
摇,1787
饱,1788
绘,1789
奈,1790
隐,1791
址,1792
叙,1793
洞,1794
冻,1795
欲,1796
缘,1797
棚,1798
塘,1799
巷,1800
截,1801
炼,1802
般,1803
渊,1804
笼,1805
浮,1806
尖,1807
碑,1808
燃,1809
毫,1810
狂,1811
阔,1812
屠,1813
尧,1814
Ｈ,1815
贪,1816
叔,1817
熙,1818
鼎,1819
漂,1820
彝,1821
泾,1822
●,1823
坎,1824
斤,1825
胸,1826
钧,1827
饰,1828
恭,1829
踏,1830
厄,1831
畅,1832
顽,1833
炎,1834
堪,1835
耐,1836
吐,1837
挤,1838
频,1839
驱,1840
镜,1841
仰,1842
羽,1843
呢,1844
灭,1845
嫂,1846
湿,1847
牡,1848
搭,1849
丈,1850
您,1851
牟,1852
巡,1853
鼠,1854
倪,1855
伐,1856
炭,1857
雕,1858
傲,1859
淘,1860
淡,1861
乓,1862
耕,1863
灿,1864
串,1865
闯,1866
狱,1867
赢,1868
盼,1869
姿,1870
凭,1871
Ｎ,1872
函,1873
键,1874
帜,1875
魅,1876
棠,1877
墙,1878
娃,1879
兑,1880
倍,1881
撰,1882
乙,1883
郁,1884
宅,1885
鄢,1886
弘,1887
渭,1888
隔,1889
胶,1890
裔,1891
啡,1892
溢,1893
漠,1894
披,1895
拟,1896
窦,1897
汰,1898
娇,1899
扫,1900
戚,1901
欠,1902
橄,1903
拔,1904
桐,1905
舆,1906
琪,1907
巩,1908
榄,1909
匈,1910
掉,1911
凝,1912
晖,1913
咖,1914
绪,1915
伸,1916
翟,1917
株,1918
谓,1919
咸,1920
窗,1921
屈,1922
飘,1923
麻,1924
挖,1925
疫,1926
盆,1927
桃,1928
丘,1929
玩,1930
押,1931
衷,1932
帐,1933
偷,1934
媛,1935
杉,1936
滞,1937
篷,1938
蔚,1939
舟,1940
渠,1941
详,1942
夸,1943
锐,1944
陀,1945
肩,1946
诊,1947
璇,1948
甸,1949
凉,1950
禽,1951
湛,1952
畔,1953
帆,1954
彼,1955
伏,1956
桔,1957
缔,1958
旱,1959
暗,1960
嘴,1961
夹,1962
洗,1963
儒,1964
乾,1965
铮,1966
逸,1967
喝,1968
逊,1969
擂,1970
框,1971
避,1972
翁,1973
辩,1974
俭,1975
鄂,1976
挺,1977
敲,1978
矛,1979
毓,1980
黔,1981
匆,1982
岱,1983
混,1984
圾,1985
垃,1986
悠,1987
颂,1988
紫,1989
翠,1990
Ｌ,1991
骆,1992
茅,1993
钊,1994
卜,1995
衍,1996
轿,1997
描,1998
闪,1999
骄,2000
蓬,2001
脉,2002
圈,2003
挫,2004
掘,2005
淄,2006
铎,2007
愈,2008
娱,2009
屯,2010
罢,2011
榆,2012
轰,2013
涨,2014
坑,2015
呆,2016
爽,2017
雯,2018
楷,2019
赈,2020
碍,2021
谨,2022
粉,2023
肇,2024
涅,2025
吞,2026
胀,2027
邯,2028
脸,2029
佑,2030
帷,2031
栾,2032
乏,2033
趟,2034
堆,2035
巧,2036
弦,2037
逢,2038
尝,2039
秩,2040
捧,2041
莎,2042
妥,2043
沧,2044
腹,2045
炮,2046
葡,2047
淀,2048
烂,2049
Ｋ,2050
悄,2051
Ｇ,2052
搬,2053
贩,2054
骑,2055
鸭,2056
詹,2057
羡,2058
喻,2059
炬,2060
贴,2061
聘,2062
铺,2063
漓,2064
稀,2065
吹,2066
袖,2067
逾,2068
稻,2069
蝉,2070
愁,2071
宙,2072
戎,2073
滚,2074
咨,2075
裴,2076
璞,2077
勺,2078
码,2079
韵,2080
○,2081
逼,2082
囚,2083
霸,2084
鞍,2085
嘱,2086
粹,2087
醉,2088
歹,2089
斐,2090
桌,2091
酿,2092
莹,2093
谁,2094
庚,2095
圭,2096
樱,2097
缆,2098
妙,2099
尾,2100
蛋,2101
懈,2102
铨,2103
哪,2104
涵,2105
骤,2106
霄,2107
拼,2108
靖,2109
娥,2110
揽,2111
恰,2112
仔,2113
锭,2114
烽,2115
竣,2116
逆,2117
刷,2118
郸,2119
劝,2120
伽,2121
仑,2122
萄,2123
纤,2124
涂,2125
钩,2126
冉,2127
惯,2128
沽,2129
插,2130
泸,2131
峪,2132
猫,2133
掖,2134
闵,2135
疏,2136
钓,2137
荆,2138
循,2139
鹭,2140
牲,2141
挽,2142
懋,2143
敢,2144
叹,2145
蓄,2146
泪,2147
虚,2148
楠,2149
页,2150
瑾,2151
粤,2152
讼,2153
恪,2154
忍,2155
铢,2156
辅,2157
症,2158
覆,2159
哨,2160
桢,2161
骏,2162
闽,2163
鞋,2164
漆,2165
Ｘ,2166
垄,2167
瞩,2168
悬,2169
沪,2170
轩,2171
祁,2172
颗,2173
堤,2174
抚,2175
魂,2176
枫,2177
菏,2178
臂,2179
涯,2180
纠,2181
呵,2182
耿,2183
汛,2184
藤,2185
棣,2186
扭,2187
惜,2188
恕,2189
歧,2190
饮,2191
喷,2192
佰,2193
氟,2194
隶,2195
祺,2196
炸,2197
喇,2198
囊,2199
腿,2200
垦,2201
恋,2202
巍,2203
掏,2204
惨,2205
睹,2206
啤,2207
割,2208
膨,2209
芹,2210
恺,2211
匹,2212
壤,2213
矶,2214
敖,2215
拆,2216
梭,2217
尘,2218
△,2219
驼,2220
娅,2221
垣,2222
蒲,2223
曦,2224
滕,2225
璐,2226
馨,2227
泓,2228
ｅ,2229
剪,2230
朔,2231
栽,2232
禺,2233
尕,2234
垂,2235
挝,2236
椅,2237
荐,2238
×,2239
舸,2240
募,2241
瀛,2242
偶,2243
秧,2244
埠,2245
绳,2246
萌,2247
慨,2248
窑,2249
柔,2250
饶,2251
纱,2252
咏,2253
掀,2254
怕,2255
珮,2256
盐,2257
牺,2258
灸,2259
骅,2260
吗,2261
瘦,2262
牢,2263
怪,2264
薪,2265
梯,2266
辐,2267
茹,2268
拯,2269
饲,2270
劣,2271
涿,2272
誓,2273
烦,2274
ｒ,2275
碰,2276
撞,2277
涧,2278
钰,2279
艇,2280
叮,2281
蕊,2282
庐,2283
辜,2284
呀,2285
俩,2286
癌,2287
脊,2288
赣,2289
遐,2290
酋,2291
墓,2292
填,2293
莽,2294
菱,2295
貂,2296
晏,2297
搏,2298
楹,2299
阜,2300
隧,2301
丧,2302
昕,2303
狠,2304
赋,2305
迄,2306
匡,2307
峙,2308
镑,2309
莺,2310
劫,2311
洙,2312
叉,2313
巫,2314
御,2315
邑,2316
僵,2317
枝,2318
侠,2319
畜,2320
缅,2321
雾,2322
踊,2323
衰,2324
摔,2325
喉,2326
嵊,2327
炉,2328
惩,2329
咱,2330
锻,2331
拘,2332
椿,2333
宰,2334
瓷,2335
翩,2336
麓,2337
Ｐ,2338
弥,2339
冕,2340
厨,2341
贞,2342
泡,2343
吟,2344
稣,2345
遂,2346
稽,2347
锣,2348
烯,2349
”,2350
“,2351
扣,2352
卉,2353
暨,2354
忽,2355
渴,2356
搜,2357
悔,2358
坞,2359
鼻,2360
锅,2361
葬,2362
憾,2363
枣,2364
簇,2365
铀,2366
柑,2367
踪,2368
遏,2369
抛,2370
滇,2371
窃,2372
偃,2373
跤,2374
斋,2375
淋,2376
琢,2377
愚,2378
钮,2379
拳,2380
瓶,2381
滴,2382
粟,2383
骚,2384
肝,2385
辱,2386
鑫,2387
弊,2388
阮,2389
昔,2390
梓,2391
霜,2392
崛,2393
苑,2394
剥,2395
葆,2396
摸,2397
闲,2398
瘟,2399
迭,2400
灌,2401
胎,2402
眉,2403
砂,2404
Ｒ,2405
摧,2406
粒,2407
濒,2408
燮,2409
糖,2410
蕴,2411
沫,2412
傣,2413
毯,2414
琨,2415
眠,2416
稍,2417
茸,2418
怒,2419
缴,2420
敞,2421
睡,2422
炜,2423
韬,2424
浆,2425
撼,2426
谱,2427
挠,2428
赂,2429
疲,2430
铝,2431
弄,2432
崮,2433
狮,2434
磨,2435
纬,2436
荻,2437
瑛,2438
悟,2439
逃,2440
碌,2441
拦,2442
茫,2443
柜,2444
藻,2445
哭,2446
液,2447
挣,2448
昂,2449
崭,2450
塚,2451
潍,2452
圪,2453
匠,2454
浑,2455
婴,2456
姬,2457
庸,2458
洒,2459
肆,2460
侄,2461
竭,2462
婉,2463
芙,2464
甬,2465
珊,2466
浸,2467
舫,2468
寇,2469
瘫,2470
吊,2471
寡,2472
佟,2473
蝶,2474
虫,2475
惟,2476
陲,2477
庵,2478
鹅,2479
桦,2480
嵩,2481
蹲,2482
瞻,2483
塌,2484
勉,2485
玻,2486
藩,2487
嘎,2488
贻,2489
挡,2490
⑵,2491
唇,2492
歉,2493
瞿,2494
枢,2495
尿,2496
驹,2497
啊,2498
喊,2499
卸,2500
爸,2501
娴,2502
脂,2503
堵,2504
咎,2505
跻,2506
靳,2507
箴,2508
Ｖ,2509
洼,2510
愉,2511
禹,2512
澄,2513
岐,2514
歇,2515
帽,2516
珺,2517
遮,2518
缝,2519
腰,2520
骥,2521
尺,2522
暑,2523
兽,2524
榭,2525
汾,2526
幽,2527
绣,2528
捍,2529
挨,2530
蔓,2531
寰,2532
盒,2533
茜,2534
晰,2535
镐,2536
Ⅱ,2537
绮,2538
椰,2539
椎,2540
糕,2541
睦,2542
抒,2543
抄,2544
翊,2545
巾,2546
催,2547
砸,2548
昏,2549
谍,2550
迩,2551
祭,2552
蜂,2553
斜,2554
〈,2555
辗,2556
绒,2557
℃,2558
〉,2559
刹,2560
脏,2561
吧,2562
蜜,2563
灰,2564
坠,2565
罩,2566
闫,2567
碎,2568
朵,2569
卧,2570
玖,2571
ｉ,2572
滔,2573
酷,2574
唤,2575
烧,2576
炯,2577
诵,2578
晔,2579
涸,2580
洽,2581
Ｊ,2582
豆,2583
沦,2584
璃,2585
ｎ,2586
泵,2587
剩,2588
祯,2589
舜,2590
穴,2591
ｔ,2592
媳,2593
薯,2594
缤,2595
纂,2596
曙,2597
璋,2598
渗,2599
氧,2600
斑,2601
肚,2602
凛,2603
勾,2604
炕,2605
兢,2606
蓟,2607
梵,2608
啸,2609
漪,2610
宵,2611
怡,2612
睛,2613
苟,2614
碗,2615
瑟,2616
辣,2617
饺,2618
斡,2619
喧,2620
汁,2621
肿,2622
颈,2623
愤,2624
丑,2625
蛙,2626
圻,2627
朽,2628
痴,2629
契,2630
豹,2631
裘,2632
抬,2633
绢,2634
栗,2635
蕙,2636
颐,2637
蜀,2638
炒,2639
铃,2640
钞,2641
愧,2642
孕,2643
岂,2644
绸,2645
弯,2646
魄,2647
萱,2648
珉,2649
奚,2650
舱,2651
煜,2652
琏,2653
嘛,2654
屿,2655
闸,2656
嫁,2657
腔,2658
琅,2659
惑,2660
夷,2661
浇,2662
痕,2663
眷,2664
脆,2665
铲,2666
槽,2667
荫,2668
仆,2669
袱,2670
讴,2671
Ｗ,2672
赓,2673
皖,2674
甜,2675
聊,2676
滦,2677
凑,2678
陇,2679
肤,2680
藉,2681
叩,2682
稼,2683
肾,2684
焘,2685
骗,2686
忱,2687
杏,2688
薇,2689
虞,2690
髓,2691
皓,2692
浒,2693
撑,2694
荔,2695
寮,2696
、,2697
狐,2698
焰,2699
巅,2700
妮,2701
溉,2702
渝,2703
雏,2704
烨,2705
拢,2706
灶,2707
袂,2708
窥,2709
擅,2710
戊,2711
幌,2712
咬,2713
攒,2714
扑,2715
霓,2716
穗,2717
荧,2718
哀,2719
檀,2720
栖,2721
彤,2722
砍,2723
僻,2724
鞠,2725
秤,2726
Ｕ,2727
俑,2728
滥,2729
晒,2730
盏,2731
洱,2732
铿,2733
邳,2734
骂,2735
臻,2736
藜,2737
婷,2738
沥,2739
捞,2740
瑰,2741
祸,2742
膀,2743
酸,2744
瓯,2745
寓,2746
瘤,2747
侗,2748
屡,2749
乍,2750
泗,2751
碱,2752
芯,2753
娄,2754
诱,2755
歼,2756
跋,2757
棵,2758
裹,2759
沓,2760
躲,2761
斧,2762
罐,2763
沸,2764
溯,2765
吵,2766
搁,2767
芽,2768
珂,2769
札,2770
聋,2771
熏,2772
俯,2773
菌,2774
锵,2775
仇,2776
栈,2777
懂,2778
笛,2779
冽,2780
鬼,2781
迢,2782
苹,2783
痪,2784
逛,2785
丢,2786
梨,2787
郡,2788
雇,2789
荪,2790
竖,2791
浅,2792
仗,2793
熹,2794
轴,2795
ａ,2796
拾,2797
沅,2798
陌,2799
婆,2800
丙,2801
坂,2802
慌,2803
ｌ,2804
ｏ,2805
岷,2806
捆,2807
畲,2808
疯,2809
骝,2810
簿,2811
俐,2812
猜,2813
荃,2814
磁,2815
漾,2816
糊,2817
抑,2818
鄱,2819
泮,2820
厢,2821
爵,2822
稚,2823
逵,2824
淅,2825
娣,2826
喆,2827
镛,2828
佼,2829
掩,2830
笃,2831
堰,2832
禾,2833
樵,2834
齿,2835
湟,2836
籁,2837
戒,2838
羞,2839
荀,2840
哄,2841
慷,2842
瞰,2843
躺,2844
舵,2845
漩,2846
睿,2847
镀,2848
擎,2849
萃,2850
霆,2851
颤,2852
珏,2853
戍,2854
窟,2855
逻,2856
馒,2857
凿,2858
缠,2859
踢,2860
狄,2861
唾,2862
僧,2863
垭,2864
卑,2865
帼,2866
梢,2867
茬,2868
盎,2869
皆,2870
洌,2871
杆,2872
峭,2873
溥,2874
剔,2875
烤,2876
寂,2877
揪,2878
泼,2879
韫,2880
墉,2881
扛,2882
菡,2883
珩,2884
捏,2885
莆,2886
聆,2887
惕,2888
庥,2889
姊,2890
祚,2891
夯,2892
涩,2893
篝,2894
渎,2895
凸,2896
爬,2897
楣,2898
凶,2899
崩,2900
苣,2901
赚,2902
蓓,2903
埋,2904
莘,2905
菁,2906
诃,2907
蘅,2908
槟,2909
隅,2910
暮,2911
皋,2912
婿,2913
倚,2914
螺,2915
胥,2916
榕,2917
杼,2918
冤,2919
侈,2920
奢,2921
③,2922
觅,2923
皎,2924
筱,2925
嗣,2926
汀,2927
悼,2928
垒,2929
巢,2930
娶,2931
捅,2932
匪,2933
奴,2934
僚,2935
忏,2936
韶,2937
揣,2938
邸,2939
驷,2940
厘,2941
姨,2942
墟,2943
秸,2944
棒,2945
猎,2946
烘,2947
翘,2948
沾,2949
芦,2950
葫,2951
哉,2952
璧,2953
戌,2954
捡,2955
郴,2956
栀,2957
窝,2958
宸,2959
晾,2960
兜,2961
耗,2962
咐,2963
忌,2964
倦,2965
甩,2966
葵,2967
憋,2968
哺,2969
驳,2970
俺,2971
崎,2972
衫,2973
怨,2974
卵,2975
抨,2976
辨,2977
庶,2978
殡,2979
缪,2980
筒,2981
窜,2982
拐,2983
粱,2984
鹄,2985
磅,2986
磷,2987
欺,2988
瞄,2989
耘,2990
斥,2991
溶,2992
诈,2993
绯,2994
沼,2995
擦,2996
咽,2997
疤,2998
跪,2999
昱,3000
蒸,3001
缀,3002
衔,3003
矗,3004
穹,3005
旷,3006
哑,3007
兖,3008
ｓ,3009
ｙ,3010
嵌,3011
秆,3012
惦,3013
钥,3014
洮,3015
凹,3016
辙,3017
殉,3018
砚,3019
瀚,3020
绎,3021
涝,3022
膏,3023
柘,3024
祈,3025
砖,3026
祠,3027
匙,3028
昝,3029
聿,3030
坟,3031
仕,3032
漏,3033
毙,3034
煊,3035
惶,3036
苇,3037
恼,3038
寥,3039
酶,3040
溧,3041
ｕ,3042
ｄ,3043
躯,3044
吻,3045
矫,3046
ｋ,3047
珙,3048
隋,3049
辍,3050
浚,3051
夔,3052
扁,3053
陡,3054
蛇,3055
赁,3056
锤,3057
涪,3058
Ｙ,3059
酝,3060
颚,3061
狙,3062
琉,3063
腻,3064
睢,3065
镶,3066
瑙,3067
瑁,3068
乞,3069
▲,3070
谐,3071
苕,3072
侣,3073
叛,3074
宠,3075
冼,3076
雌,3077
埂,3078
昧,3079
眺,3080
汶,3081
覃,3082
眸,3083
寸,3084
庇,3085
醇,3086
肠,3087
扒,3088
捺,3089
醛,3090
崂,3091
裤,3092
咤,3093
罘,3094
浜,3095
汲,3096
扈,3097
莞,3098
孀,3099
叱,3100
嗓,3101
盲,3102
扳,3103
玺,3104
矮,3105
疚,3106
倘,3107
兮,3108
诫,3109
昼,3110
羌,3111
坍,3112
箫,3113
鸥,3114
圩,3115
ｍ,3116
邕,3117
筷,3118
裙,3119
媚,3120
伉,3121
虐,3122
阖,3123
趁,3124
倩,3125
嵘,3126
摒,3127
熬,3128
邛,3129
锚,3130
椒,3131
贲,3132
诠,3133
袒,3134
氢,3135
冗,3136
濮,3137
榛,3138
呐,3139
挚,3140
绫,3141
撮,3142
铉,3143
泫,3144
岫,3145
薰,3146
苛,3147
蔽,3148
涡,3149
亢,3150
黯,3151
刮,3152
砻,3153
吼,3154
雍,3155
弋,3156
禧,3157
甄,3158
蕉,3159
撕,3160
淦,3161
栓,3162
亵,3163
奕,3164
狭,3165
嫣,3166
匿,3167
沱,3168
淞,3169
掂,3170
陉,3171
桩,3172
肢,3173
羁,3174
吓,3175
顷,3176
璜,3177
俘,3178
瑚,3179
粘,3180
霈,3181
澡,3182
碳,3183
睽,3184
窘,3185
硅,3186
汩,3187
蹄,3188
咀,3189
赐,3190
掠,3191
拷,3192
涟,3193
淼,3194
Ｚ,3195
殃,3196
榻,3197
蔼,3198
佤,3199
恤,3200
祜,3201
翦,3202
拂,3203
嚷,3204
濡,3205
淌,3206
啦,3207
笙,3208
姻,3209
闷,3210
虏,3211
萝,3212
膜,3213
瀑,3214
谜,3215
肌,3216
①,3217
枯,3218
徊,3219
痹,3220
潺,3221
铅,3222
贼,3223
锌,3224
徘,3225
弈,3226
琮,3227
畏,3228
泻,3229
硌,3230
褒,3231
橱,3232
炫,3233
艮,3234
叠,3235
攘,3236
②,3237
罹,3238
隘,3239
拙,3240
甥,3241
悌,3242
搅,3243
楞,3244
轲,3245
赝,3246
扉,3247
捉,3248
饿,3249
狼,3250
绚,3251
奸,3252
宦,3253
绑,3254
祷,3255
矣,3256
蛀,3257
氨,3258
颓,3259
忻,3260
傍,3261
糜,3262
浔,3263
耻,3264
寝,3265
丕,3266
煦,3267
伫,3268
粗,3269
筋,3270
扇,3271
祀,3272
眨,3273
酬,3274
闾,3275
锈,3276
眩,3277
蠢,3278
链,3279
阀,3280
睁,3281
抖,3282
韧,3283
茉,3284
焊,3285
栩,3286
贱,3287
淹,3288
荟,3289
屹,3290
钉,3291
羲,3292
滁,3293
驿,3294
脯,3295
霏,3296
盯,3297
抹,3298
瞬,3299
燎,3300
谣,3301
耸,3302
蚌,3303
肘,3304
翅,3305
胚,3306
轧,3307
魔,3308
崖,3309
氯,3310
桅,3311
昶,3312
搂,3313
谟,3314
砥,3315
褥,3316
獗,3317
猖,3318
炙,3319
羚,3320
锲,3321
蛐,3322
硝,3323
劈,3324
稠,3325
亥,3326
哇,3327
惹,3328
嘘,3329
厕,3330
坳,3331
噶,3332
侏,3333
飚,3334
怜,3335
啥,3336
墅,3337
棺,3338
茗,3339
耆,3340
憬,3341
猴,3342
擒,3343
膺,3344
肪,3345
岔,3346
梗,3347
钨,3348
掣,3349
瓴,3350
蹦,3351
渍,3352
磐,3353
踩,3354
偌,3355
憧,3356
觐,3357
骼,3358
羔,3359
帘,3360
讽,3361
妨,3362
缄,3363
恿,3364
枷,3365
鬓,3366
蹙,3367
雀,3368
窖,3369
冮,3370
焚,3371
仃,3372
锴,3373
脍,3374
瘠,3375
秃,3376
卦,3377
馈,3378
锯,3379
疹,3380
玄,3381
茔,3382
酣,3383
纹,3384
绂,3385
棱,3386
谙,3387
绅,3388
浴,3389
诛,3390
诲,3391
棕,3392
怂,3393
柄,3394
丫,3395
脾,3396
讶,3397
坷,3398
劭,3399
袄,3400
铄,3401
玮,3402
丞,3403
芸,3404
虬,3405
矍,3406
葳,3407
撷,3408
邝,3409
钏,3410
梆,3411
肴,3412
沣,3413
鲲,3414
捎,3415
凳,3416
曰,3417
眶,3418
佬,3419
杠,3420
霁,3421
灼,3422
玑,3423
昉,3424
杲,3425
⑤,3426
砾,3427
④,3428
琥,3429
淬,3430
仡,3431
阪,3432
窄,3433
蹶,3434
傈,3435
臭,3436
僳,3437
咛,3438
珞,3439
垮,3440
溃,3441
旯,3442
徨,3443
暌,3444
竿,3445
驯,3446
缭,3447
珹,3448
叭,3449
樨,3450
彷,3451
帚,3452
旮,3453
犬,3454
钳,3455
厥,3456
戮,3457
惋,3458
峒,3459
梧,3460
阕,3461
肄,3462
皿,3463
濉,3464
芷,3465
犄,3466
舅,3467
挟,3468
礴,3469
棍,3470
壳,3471
苞,3472
谎,3473
绶,3474
夭,3475
媾,3476
衬,3477
祟,3478
柿,3479
瘿,3480
坨,3481
侔,3482
佘,3483
钜,3484
谌,3485
釜,3486
臧,3487
峨,3488
耒,3489
裸,3490
迥,3491
侍,3492
睫,3493
炀,3494
颔,3495
洵,3496
祉,3497
襟,3498
峥,3499
鲤,3500
碣,3501
柚,3502
芗,3503
粲,3504
逄,3505
桨,3506
澈,3507
葭,3508
侮,3509
俪,3510
鹃,3511
侥,3512
幻,3513
绞,3514
滟,3515
笠,3516
潋,3517
廿,3518
捭,3519
幄,3520
蹂,3521
躏,3522
铚,3523
褪,3524
翡,3525
浣,3526
椽,3527
曜,3528
⑦,3529
邬,3530
晞,3531
馥,3532
颙,3533
踵,3534
孮,3535
鎏,3536
弭,3537
樟,3538
瞒,3539
淳,3540
骐,3541
镗,3542
欹,3543
闰,3544
卞,3545
漱,3546
⑥,3547
遒,3548
笮,3549
蕃,3550
馗,3551
砀,3552
旎,3553
灏,3554
旖,3555
珣,3556
骁,3557
蠡,3558
腺,3559
怿,3560
＋,3561
掬,3562
婵,3563
悍,3564
筠,3565
歪,3566
泠,3567
榘,3568
隙,3569
嬗,3570
堇,3571
晃,3572
龟,3573
峤,3574
颦,3575
篑,3576
衢,3577
胖,3578
睐,3579
仞,3580
辫,3581
ｈ,3582
孱,3583
麾,3584
涎,3585
栅,3586
掺,3587
穑,3588
渲,3589
疼,3590
ｖ,3591
瓮,3592
弼,3593
饴,3594
郗,3595
晗,3596
畴,3597
婕,3598
溆,3599
哩,3600
讷,3601
窒,3602
繇,3603
垠,3604
篆,3605
尴,3606
尬,3607
隽,3608
岑,3609
嚣,3610
爹,3611
澎,3612
怆,3613
狸,3614
惫,3615
篓,3616
呻,3617
渣,3618
滓,3619
煞,3620
拗,3621
暾,3622
腕,3623
脐,3624
惧,3625
腴,3626
袈,3627
裟,3628
髦,3629
霭,3630
笨,3631
愫,3632
壶,3633
苜,3634
煎,3635
荞,3636
愕,3637
蝴,3638
抉,3639
［,3640
］,3641
壕,3642
玫,3643
殆,3644
垛,3645
陛,3646
啭,3647
喃,3648
稔,3649
纶,3650
槛,3651
俏,3652
袅,3653
猝,3654
晕,3655
怔,3656
咳,3657
镝,3658
钠,3659
擘,3660
膛,3661
碾,3662
溘,3663
呕,3664
盱,3665
蠹,3666
孢,3667
枕,3668
蟆,3669
赌,3670
肺,3671
腑,3672
廓,3673
郄,3674
谅,3675
鳌,3676
蝇,3677
跷,3678
蛤,3679
舌,3680
帧,3681
笋,3682
赡,3683
缚,3684
鼐,3685
牖,3686
倔,3687
缕,3688
赭,3689
芜,3690
烁,3691
劼,3692
恨,3693
拱,3694
铣,3695
陟,3696
骋,3697
妆,3698
鳄,3699
轶,3700
玒,3701
醴,3702
陨,3703
谏,3704
喘,3705
桫,3706
椤,3707
踱,3708
吩,3709
斟,3710
扼,3711
杞,3712
澧,3713
幡,3714
幺,3715
剿,3716
戡,3717
喂,3718
蔷,3719
亘,3720
籽,3721
萸,3722
躬,3723
傻,3724
瞪,3725
琤,3726
鳝,3727
紊,3728
钾,3729
鳇,3730
摹,3731
侃,3732
龃,3733
龉,3734
蹊,3735
崽,3736
暧,3737
湄,3738
溅,3739
胺,3740
绽,3741
鸽,3742
蓿,3743
芾,3744
厌,3745
囤,3746
簪,3747
鸢,3748
镠,3749
莅,3750
恬,3751
淝,3752
鄄,3753
弛,3754
懿,3755
嘲,3756
揆,3757
颢,3758
焯,3759
伞,3760
偎,3761
嫉,3762
妒,3763
渌,3764
厮,3765
卒,3766
掐,3767
埙,3768
盂,3769
熔,3770
濑,3771
厝,3772
筝,3773
唢,3774
琵,3775
琶,3776
勍,3777
餮,3778
桧,3779
涤,3780
俨,3781
匾,3782
禅,3783
焉,3784
斩,3785
饕,3786
杖,3787
熄,3788
缨,3789
袤,3790
毡,3791
鹜,3792
篪,3793
汹,3794
荩,3795
匕,3796
砌,3797
痼,3798
濠,3799
扯,3800
趴,3801
耷,3802
仄,3803
萎,3804
赎,3805
ｃ,3806
ｂ,3807
ｇ,3808
勿,3809
荼,3810
拌,3811
缶,3812
舀,3813
瘸,3814
癸,3815
沐,3816
徇,3817
淫,3818
嫖,3819
娼,3820
阙,3821
饥,3822
菅,3823
锏,3824
缉,3825
舷,3826
暇,3827
恳,3828
谚,3829
妲,3830
淇,3831
蔺,3832
弧,3833
潼,3834
挎,3835
堀,3836
毗,3837
茵,3838
碟,3839
悸,3840
咧,3841
寐,3842
尸,3843
槐,3844
飒,3845
腌,3846
璈,3847
攸,3848
霉,3849
哟,3850
倨,3851
圃,3852
媲,3853
粑,3854
糌,3855
憨,3856
梳,3857
眯,3858
幢,3859
粽,3860
岖,3861
啃,3862
莒,3863
崴,3864
扔,3865
鹞,3866
镭,3867
衮,3868
粳,3869
漕,3870
瑄,3871
叨,3872
兀,3873
邃,3874
哼,3875
遨,3876
潢,3877
雹,3878
删,3879
儋,3880
芥,3881
讥,3882
俾,3883
妄,3884
髻,3885
翎,3886
锰,3887
蜿,3888
蜒,3889
膝,3890
窈,3891
窕,3892
粪,3893
汐,3894
驭,3895
侬,3896
缇,3897
姹,3898
凇,3899
丸,3900
Ⅲ,3901
浏,3902
汨,3903
矢,3904
钺,3905
讳,3906
窿,3907
墩,3908
锑,3909
觑,3910
菇,3911
脖,3912
癫,3913
痫,3914
跫,3915
崃,3916
unknown,3917
